{
    "name": "tuuveitwo",
	"vendorId": "0xFEED",
	"productId": "0x0000",
	"lighting": "none",
	"matrix": {
	     "rows": 12,
		 "cols": 10
	},
	"layouts":{
	     "keymap": [
  [
    "0,0",
    {
      "x": 1
    },
    "0,1",
    "0,2",
    "0,3",
    "0,4",
    {
      "x": 2.5
    },
    "6,0",
    "6,1",
    "6,2",
    "6,3",
    {
      "x": 0.5
    },
    "6,4",
    "6,5",
    "6,6",
    "6,7",
    {
      "x": 0.25
    },
    "6,8",
    "6,9"
  ],
  [
    {
      "y": 0.5
    },
    "1,0",
    "1,1",
    "1,2",
    "1,3",
    "1,4",
    "1,5",
    "1,6",
    {
      "x": 2
    },
    "7,0",
    "7,1",
    "7,2",
    "7,3",
    "7,4",
    "7,5",
    {
      "w": 2
    },
    "7,6",
    {
      "x": 0.25
    },
    "7,8",
    "7,9"
  ],
  [
    {
      "w": 1.5
    },
    "2,0",
    "2,1",
    "2,2",
    "2,3",
    "2,4",
    "2,5",
    "2,6",
    {
      "x": 1
    },
    "8,0",
    "8,1",
    "8,2",
    "8,3",
    "8,4",
    "8,5",
    "8,6",
    {
      "x": 0.25,
      "w": 1.25,
      "h": 2,
      "w2": 1.5,
      "h2": 1,
      "x2": -0.25
    },
    "7,7",
    {
      "x": 0.25
    },
    "8,7",
    "8,8"
  ],
  [
    {
      "w": 1.75
    },
    "3,0",
    "3,1",
    "3,2",
    "3,3",
    "3,4",
    "3,5",
    "3,6",
    {
      "x": 1
    },
    "9,0",
    "9,1",
    "9,2",
    "9,3",
    "9,4",
    "9,5",
    "9,6"
  ],
  [
    {
      "w": 1.25
    },
    "4,0",
    "4,1",
    "4,2",
    "4,3",
    "4,4",
    "4,5",
    "4,6",
    {
      "x": 1
    },
    "10,0",
    "10,1",
    "10,2",
    "10,3",
    "10,4",
    "10,5",
    {
      "w": 2.75
    },
    "10,6"
  ],
  [
    {
      "y": -0.75,
      "x": 17.25
    },
    "10,7"
  ],
  [
    {
      "y": -0.25,
      "w": 1.25
    },
    "5,0",
    {
      "w": 1.25
    },
    "5,1",
    {
      "w": 1.25
    },
    "5,2",
    {
      "w": 3
    },
    "5,3",
    "5,6",
    {
      "x": 1.25,
      "w": 3
    },
    "11,0",
    {
      "w": 1.25
    },
    "11,1",
    {
      "w": 1.25
    },
    "11,2",
    {
      "w": 1.25
    },
    "11,3"
  ],
  [
    {
      "y": -0.75,
      "x": 16.25
    },
    "11,4",
    "11,5",
    "11,6"
  ],
  [
    {
      "y": -0.25,
      "x": 6.25
    },
    "0,0\n\n\n\n\n\n\n\n\ne",
    "0,1\n\n\n\n\n\n\n\n\ne"
  ]
]
}
}
